"iduserpremium";"pseudopremium";"namepremium";"surnamepremium";"iduserblocked";"pseudoblocked";"nameblocked";"surnameblocked"
14;Kilian;Henry;Kilian;404;Martin6;;
14;Kilian;Henry;Kilian;152;Noë2;Durant;Noë
14;Kilian;Henry;Kilian;175;Quentin2;;
21;Élouan;Perret;Élouan;56;Valentine;;
21;Élouan;Perret;Élouan;381;Kyllian5;;
21;Élouan;Perret;Élouan;71;Nolan2;Leduc;Nolan
22;Grégory;Dupond;Grégory;106;Antoine;;
22;Grégory;Dupond;Grégory;385;Malo7;;
25;Dylan;Rey;Dylan;374;Berthier2;;
25;Dylan;Rey;Dylan;167;Florian2;;
25;Dylan;Rey;Dylan;320;Alexandre8;Schmitt;Alexandre
25;Dylan;Rey;Dylan;328;Benjamin3;;
25;Dylan;Rey;Dylan;430;Enzo4;;
25;Dylan;Rey;Dylan;270;Simon6;;
30;Kevin;Delahaye;Kevin;83;Maxime;;
30;Kevin;Delahaye;Kevin;486;Guillaume5;;
30;Kevin;Delahaye;Kevin;184;Timothée2;;
33;Alexis;Boulet;Alexis;166;Lopes;;
33;Alexis;Boulet;Alexis;104;Kilian3;;
38;Cédric2;Lacoste;Cédric;240;Nguyen;Nguyen;""
38;Cédric2;Lacoste;Cédric;347;Clémence;;
41;Alexia;Schmidt;Alexia;239;Malo2;;
41;Alexia;Schmidt;Alexia;172;Adrien2;Laine;Adrien
69;Adrian2;Blondel;Adrian;212;Kyllian;Vial;Kyllian
71;Nolan2;Leduc;Nolan;310;Jordan5;;
74;Félix3;Monnier;Félix;357;Malo5;;
74;Félix3;Monnier;Félix;478;Tristan4;Michel;Tristan
77;Mathéo2;Paris;Mathéo;53;Simon;;
77;Mathéo2;Paris;Mathéo;179;Simon4;;
86;Timéo;Marin;Timéo;427;Yohan4;;
92;Adrien;Martineau;Adrien;229;Thibault;Richard;Thibault
92;Adrien;Martineau;Adrien;408;Timothée4;;
92;Adrien;Martineau;Adrien;379;Kevin2;;
97;Bruno2;Monier;Bruno;339;Paul2;Bazin;Paul
103;Yohan2;Mary;Yohan;40;Alexandre3;;
103;Yohan2;Mary;Yohan;87;Baptiste;;
103;Yohan2;Mary;Yohan;257;Aaron4;;
105;Fabrice;Legros;Fabrice;178;Léonard2;;
105;Fabrice;Legros;Fabrice;382;Amine3;;
108;Constant;Guillon;Constant;152;Noë2;Durant;Noë
108;Constant;Guillon;Constant;311;Lisa;Gregoire;Lisa
110;Marwane;Poulain;Marwane;451;Mélanie2;;
110;Marwane;Poulain;Marwane;60;Nolan;;
110;Marwane;Poulain;Marwane;213;Gabin;;
113;Alexandra;Berthier;Alexandra;26;Erwan;Gautier;Erwan
113;Alexandra;Berthier;Alexandra;60;Nolan;;
118;Renaud2;Maurice;Renaud;461;Turpin4;;
125;Nolan3;Pons;Nolan;25;Dylan;Rey;Dylan
125;Nolan3;Pons;Nolan;146;Evan;;
132;Breton;Breton;"";329;Robin;;
132;Breton;Breton;"";443;Benjamin4;;
135;Corentin;Pujol;Corentin;297;Gaspard2;;
137;Louis;Tessier;Louis;436;Kilian6;;
137;Louis;Tessier;Louis;360;Mattéo3;Bourgeois;Mattéo
137;Louis;Tessier;Louis;359;Léo;;
139;Edwige;Fischer;Edwige;386;Ethan4;;
139;Edwige;Fischer;Edwige;303;Ambre;;
159;Cédric3;Bouvier;Cédric;54;Mathieu;;
159;Cédric3;Bouvier;Cédric;163;Henry2;;
159;Cédric3;Bouvier;Cédric;78;Loane;;
159;Cédric3;Bouvier;Cédric;118;Renaud2;Maurice;Renaud
159;Cédric3;Bouvier;Cédric;243;Roméo3;;
160;Gaspard;Levy;Gaspard;97;Bruno2;Monier;Bruno
164;Tristan;Comte;Tristan;274;Cousin;;
186;Julia;Guillot;Julia;112;Vincent;;
190;Dumas;Dumas;"";463;Solene;;
190;Dumas;Dumas;"";138;Lorenzo;;
190;Dumas;Dumas;"";213;Gabin;;
195;Agathe;Le corre;Agathe;71;Nolan2;Leduc;Nolan
195;Agathe;Le corre;Agathe;420;Élouan4;;
196;Lucie2;Masse;Lucie;47;Félix;Chapuis;Félix
196;Lucie2;Masse;Lucie;22;Grégory;Dupond;Grégory
196;Lucie2;Masse;Lucie;387;Prevost2;;
200;Dos santos;Dos santos;"";475;Adam4;Colas;Adam
201;Laura;Dias;Laura;409;Rémi4;;
201;Laura;Dias;Laura;499;Corentin3;Gervais;Corentin
203;Lily;Poirier;Lily;215;Noah2;;
209;Louise;David;Louise;242;Ethan2;Faure;Ethan
209;Louise;David;Louise;172;Adrien2;Laine;Adrien
209;Louise;David;Louise;135;Corentin;Pujol;Corentin
210;Alexandre6;Monier;Alexandre;366;Jordan6;;
210;Alexandre6;Monier;Alexandre;29;Maxence;;
212;Kyllian;Vial;Kyllian;203;Lily;Poirier;Lily
218;Legrand;Legrand;"";183;Ethan;;
218;Legrand;Legrand;"";231;Thomas2;;
218;Legrand;Legrand;"";336;Martin4;;
219;Paul;Gillet;Paul;135;Corentin;Pujol;Corentin
219;Paul;Gillet;Paul;328;Benjamin3;;
224;Enzo3;Da silva;Enzo;82;Lucie;;
224;Enzo3;Da silva;Enzo;74;Félix3;Monnier;Félix
224;Enzo3;Da silva;Enzo;408;Timothée4;;
226;Mélissa;Labbe;Mélissa;235;Gabin2;;
226;Mélissa;Labbe;Mélissa;475;Adam4;Colas;Adam
226;Mélissa;Labbe;Mélissa;381;Kyllian5;;
226;Mélissa;Labbe;Mélissa;135;Corentin;Pujol;Corentin
226;Mélissa;Labbe;Mélissa;150;Maxence2;;
228;Lorenzo2;Brault;Lorenzo;159;Cédric3;Bouvier;Cédric
229;Thibault;Richard;Thibault;1;Benoist;;
230;Hugo5;Marion;Hugo;9;Diego;;
230;Hugo5;Marion;Hugo;134;Félix4;;
230;Hugo5;Marion;Hugo;272;Dorian4;;
240;Nguyen;Nguyen;"";452;Adrien8;;
250;Léonie;Carpentier;Léonie;128;Alexandre4;Gauthier;Alexandre
250;Léonie;Carpentier;Léonie;191;Timothée3;;
250;Léonie;Carpentier;Léonie;471;Lily2;Andrieux;Lily
252;Célia;Fouquet;Célia;381;Kyllian5;;
254;Valentin2;Favier;Valentin;272;Dorian4;;
254;Valentin2;Favier;Valentin;313;Marechal;;
254;Valentin2;Favier;Valentin;74;Félix3;Monnier;Félix
254;Valentin2;Favier;Valentin;131;Pierre2;;
256;Aaron3;Prat;Aaron;498;Roméo6;Legrand;Roméo
265;Quentin3;Vincent;Quentin;18;Enzo;;
265;Quentin3;Vincent;Quentin;155;Yasmine2;;
265;Quentin3;Vincent;Quentin;69;Adrian2;Blondel;Adrian
275;Élouan3;Prevot;Élouan;323;Noah5;;
275;Élouan3;Prevot;Élouan;473;Noë5;;
281;Florentin2;Dubois;Florentin;72;Lina;;
281;Florentin2;Dubois;Florentin;241;Mathieu2;;
281;Florentin2;Dubois;Florentin;401;Arthur3;Leger;Arthur
286;Bastien3;Francois;Bastien;203;Lily;Poirier;Lily
299;Malo3;Prevost;Malo;80;Anna;;
299;Malo3;Prevost;Malo;482;Leonard;Leonard;""
299;Malo3;Prevost;Malo;280;Remy;;
299;Malo3;Prevost;Malo;28;Bruno;;
301;Ethan3;Lefort;Ethan;249;Barthelemy2;;
301;Ethan3;Lefort;Ethan;214;Théo;;
302;Amine2;Vallet;Amine;139;Edwige;Fischer;Edwige
311;Lisa;Gregoire;Lisa;166;Lopes;;
311;Lisa;Gregoire;Lisa;176;Amaury;;
311;Lisa;Gregoire;Lisa;15;Cédric;;
311;Lisa;Gregoire;Lisa;347;Clémence;;
311;Lisa;Gregoire;Lisa;369;Roméo5;;
311;Lisa;Gregoire;Lisa;258;Nicolas4;;
311;Lisa;Gregoire;Lisa;446;Amandine;Guichard;Amandine
312;Kilian4;Magnier;Kilian;317;Guillaume4;;
312;Kilian4;Magnier;Kilian;222;Guillaume2;;
312;Kilian4;Magnier;Kilian;366;Jordan6;;
320;Alexandre8;Schmitt;Alexandre;191;Timothée3;;
320;Alexandre8;Schmitt;Alexandre;152;Noë2;Durant;Noë
320;Alexandre8;Schmitt;Alexandre;420;Élouan4;;
339;Paul2;Bazin;Paul;86;Timéo;Marin;Timéo
341;Erwan2;Martin;Erwan;356;Amaury4;;
342;Quentin5;Georges;Quentin;37;Julien;;
344;Mathéo6;Brunet;Mathéo;370;Léon2;;
344;Mathéo6;Brunet;Mathéo;187;Dylan2;;
344;Mathéo6;Brunet;Mathéo;262;Sarah;Lejeune;Sarah
360;Mattéo3;Bourgeois;Mattéo;196;Lucie2;Masse;Lucie
360;Mattéo3;Bourgeois;Mattéo;422;Simon8;;
363;Adrien5;Nguyen;Adrien;168;Kylian4;;
363;Adrien5;Nguyen;Adrien;339;Paul2;Bazin;Paul
363;Adrien5;Nguyen;Adrien;41;Alexia;Schmidt;Alexia
363;Adrien5;Nguyen;Adrien;184;Timothée2;;
365;Clément3;Bataille;Clément;483;Poulain3;;
367;Justine;Regnier;Justine;177;Yohan3;;
377;Paul3;Simon;Paul;490;Clément5;;
383;Yanis;Bouvier;Yanis;256;Aaron3;Prat;Aaron
383;Yanis;Bouvier;Yanis;79;Moreno2;;
383;Yanis;Bouvier;Yanis;127;Enzo2;;
396;Zacharis3;Magnier;Zacharis;456;Davy7;;
401;Arthur3;Leger;Arthur;198;Florentin;;
401;Arthur3;Leger;Arthur;143;Maxime2;;
401;Arthur3;Leger;Arthur;281;Florentin2;Dubois;Florentin
401;Arthur3;Leger;Arthur;275;Élouan3;Prevot;Élouan
402;Lucas;Lemoine;Lucas;57;Boutin;;
406;Villain;Villain;"";35;Martin2;;
417;Adrien7;Morin;Adrien;151;Gaudin;;
417;Adrien7;Morin;Adrien;399;Adrien6;;
435;Maxence6;Delmas;Maxence;275;Élouan3;Prevot;Élouan
435;Maxence6;Delmas;Maxence;325;Bastien4;;
435;Maxence6;Delmas;Maxence;124;Roméo;;
437;Léo2;Millet;Léo;114;Noah;;
437;Léo2;Millet;Léo;91;Mattéo;;
445;Gabriel4;Charrier;Gabriel;394;Florentin3;;
446;Amandine;Guichard;Amandine;256;Aaron3;Prat;Aaron
446;Amandine;Guichard;Amandine;458;Marine;;
446;Amandine;Guichard;Amandine;330;Malo4;;
446;Amandine;Guichard;Amandine;68;Samuel;;
448;Zacharis4;Duchemin;Zacharis;281;Florentin2;Dubois;Florentin
454;Killian3;Prevot;Killian;43;Léonard;;
454;Killian3;Prevot;Killian;355;Davy6;;
462;Fabrice3;Tessier;Fabrice;424;Amine4;;
471;Lily2;Andrieux;Lily;56;Valentine;;
471;Lily2;Andrieux;Lily;350;Maxime3;;
475;Adam4;Colas;Adam;261;Jordan3;;
478;Tristan4;Michel;Tristan;230;Hugo5;Marion;Hugo
482;Leonard;Leonard;"";478;Tristan4;Michel;Tristan
482;Leonard;Leonard;"";391;Kilian5;;
492;Regnier5;Regnier;"";103;Yohan2;Mary;Yohan
492;Regnier5;Regnier;"";403;Julien2;;
492;Regnier5;Regnier;"";433;Romain5;;
492;Regnier5;Regnier;"";290;Mathilde;;
496;Noah7;Charpentier;Noah;166;Lopes;;
496;Noah7;Charpentier;Noah;299;Malo3;Prevost;Malo
496;Noah7;Charpentier;Noah;389;Émile2;;
497;Élouan6;Langlois;Élouan;94;Victor2;;
498;Roméo6;Legrand;Roméo;240;Nguyen;Nguyen;""
499;Corentin3;Gervais;Corentin;483;Poulain3;;
499;Corentin3;Gervais;Corentin;317;Guillaume4;;
499;Corentin3;Gervais;Corentin;377;Paul3;Simon;Paul
499;Corentin3;Gervais;Corentin;376;Colin3;;
